"Timestamp","Name of the use case ","Sector ","Partners of your project","Intended end user categories","Specific intended end users, if known (names)","Please list the datasets that you use (source datasets)","In which categories do the source datasets belong?","Do you integrate datasets from different sources? If yes, how do you integrate them?","Please identify the EO data providers and services of your source datasets ","Are you satisfied with the current offer of the data providers that you selected? Is there anything that you would improve?","Did you have to change the data provider because the one you picked in the first place didn't meet your needs? What did you need and which kind of problem did you encounter? Can you share your experience? ","What is the nature of the end products of your project?","Are end products / data publicly available?","Are metadata of end products / services publicly available?","Are metadata INSPIRE compliant?","If metadata of end product(s) are available, where are they published?","If end products are published, indicate where and how are served (interfaces, APIs, web or mobile apps that get this data to the end users)","Please indicate which EO Digital Infrastructures you use to host and publish your products and and which services (e.g. DaaS, PaaS, IaaS, Data Cubes, GPUs, etc.) from each","Do you use any of these Data Processing tools / techniques?","Please specify which services  (e.g. DaaS, PaaS, IaaS, Data Cubes, HPC, GPUs, etc.) you use for the technique indicated above, and from which platform","Which EO digital infrastructure do you currently use to process your data? How is your level of satisfaction? Why did you pick this platform?","Did you explore any other digital infrastructure for processing your data? If yes, why did you abandon it? What did it miss? How could they have improved?","It was rather difficult to compare services offered by various EO infrastructure providers","The learning curve required for using EO digital platforms is rather steep","The time we allocated at the start of the project to getting familiar with EO digital infrastructures was underestimated","It was difficult to compare the costs of services offered by the EO digital platforms","The documentation / tutorials / learning material offered by the EO digital platforms was generally enough to getting our team up to speed in the expected time","The channels set up for communication with the EO digital platforms (helpdesk / forum / etc) were useful / timely to provide assistance. ","Comments / Notes"
"2023/04/28 11:22:11 AM GMT+3","S3P2: High Photovoltaic Penetration at Urban Scale (ARMINES)","Energy","MINES Paris PSL / ARMINES","Developers;Analysts;Data Scientists;Policy makers","","CAMS Radiation Service and CAMS Mc Clear - Copernicus - SoDA
Digital Elevation Model (SRTM) Version 4 – NASA
MERRA2 temperature re-analysis - NASA
 Digital Surface Model (10-25 cm resolution) - IGN
 Building footprints (BDTOPO©) - IGN
Consumption Data Models (Internal)","Public data, free of charge remote sensing data (e.g. Copernicus, etc.);Meteo data;Consumption profile data","The above datasets are either integrated from fecthing remote dataset via service based request (WPS for Copernicus and WMS for IGN) or are included from local copy via request to local server (MERA, SRTM and Consumption Data Models) ","Copernicus - SoDA
NASA
IGN
Internal","No SLA (Service Legal Agreement) for CAMS Radiation Service and an access limitation policies (100 request per day per IP / Day minus 2). This might prevent some downstream use cases to be developped.

No SLA (Service Legal Agreement) for IGN data. – Access granted based on “due care” approach. This might prevent some downstream use cases to be developped.","No changes in data providers so far but our service has been designed and developped to be data input agnostic. Provided the data is accessible (localy or remotely) we could esealy change input data (eg. Solar radiation and/or DSM, DEM) ","Data Streams","Yes","Yes, both for data and for services","Yes, fully","Webservice-energy catalogue, GEO Portal and GEO Knowledge Hub
http://geocatalog.webservice-energy.org/geonetwork/srv/fre/catalog.search#/metadata/4be5ce1e-5354-4195-9bcc-9c057e62399a
https://www.geoportal.org/?m:activeLayerTileId=osm&targetId=4be5ce1e-5354-4195-9bcc-9c057e62399a&f:phrase=e-shape&f:dataSource=dab
https://gkhub.earthobservations.org/packages/t7r63-24723
","WPS: http://s3p2.oie-lab.net/service/wps?Service=WPS&version=1.0.0&request=DescribeProcess&identifier=compute_polygon
Jupyter Notebook (Need registration): https://notebook.oie-lab.net/hub/login","Main end-point is DIAS WEkEO and local infra for testing purpose","HPC;Parallel Computing;Cloud computing","IaaS, HPC","WEkEO DIAS. Good support technical and commercial. We pickup this DIAS after an open selection between all DIAS during the e-shape project. 
Modularity of the offer (T-shirt size / Pay per use / Shelving / Scalability (CPU/Storage))
Effective support (Sale and technical)
Allows to assess a cost model (Cost per hectare / number of CPU)
","See above","5","3","4","5","4","5",""
"2023/05/04 4:23:09 PM GMT+3","DIVE visibility app","Water","DiveBase Malta","General Populace","","CMEMS 300m kd490","Public data, free of charge remote sensing data (e.g. Copernicus, etc.)","","CMEMS","It is currently not working but generally it's a good source","We originally got the data via CreoDIAS which we removed due to them being unable to provide the product on a consistent basis","Mobile App","Yes","No","Not applicable / no metadata available","","Web app, mobile app and REST API","Virtual Linux server(s) hosted under VMWARE in house","Virtualization / Containers;Cloud computing","All of our components are dockerised and hosted in a VMWare instance","Internal, we are very satisfied with our infrastructure.","We abandoned CreoDIAS due to being unsatisfied with it's quality of service and timeliness of it's product delivery","2","1","3","4","4","2",""
"2023/05/04 7:11:35 PM GMT+3","S3P2 DLR","Energy","DLR Earth Observation Center, DLR Institute of Networked Energy Systems","Business owners;Data Scientists","","done in the factsheet already","Public data, free of charge remote sensing data (e.g. Copernicus, etc.);Paid remote sensing data / services;Private data, not published/available;In situ / survey data;Meteo data;Citizen contributed / crowd sourced data;Data streams / real time / near real time","yes, parallel usage","CAMS, OSM, ESA, DLR,","ok","no","decision support tool","No","Not publicly available","Partly","","","","Deep learning;HPC;Virtualization / Containers;Cloud computing;Data Cubes","","own servers","","4","5","2","5","1","2",""
"2023/05/08 1:57:33 PM GMT+3","P5.6 EO-based Phytoplankton Biomass for WFD Reporting","Water","","water managers","Waterschap Noorderzijlvest (local water authority, Netherlands); Eesti Maaülikool (Center for Limnological research, Estonia)","Sentinel 2","Public data, free of charge remote sensing data (e.g. Copernicus, etc.)","We used in situ data from our users for validation, not integration","Copernicus API hub","satisfied","n/a","Data Streams;Desktop App","Partly","Only for datasets","Partly","https://doi.org/10.5281/zenodo.7014972","https://doi.org/10.5281/zenodo.7014972","We provide the maps in our portal to users","Virtualization / Containers","","Our in-house processing chain, which uses some parts of SNAP. Some  NAP modules are only available in the user interface, not via GPT, that is not very handy","We tried a DIAS, but for our purposes it was too expensive. If our volume increases it might become interesting.","4","3","1","5","","","We did not really try new platforms in e-shape, we based our work on previous experience"
"2023/05/10 10:18:46 AM GMT+3","S5P7 Rheticus Aquaculture","Water","Planetek Italia, Bluefarm","Business owners","","Sentinel-3","Public data, free of charge remote sensing data (e.g. Copernicus, etc.)","No","Copernicus","Accuracy of inshore data","No","Static dataset(s)","No","No","No","Not available","Not published","PaaS","Virtualization / Containers;Cloud computing","PaaS","CreoDIAS, chosen because we have commercial agreements. We use it since many years.","In-house processing platform, we switched to CreoDIAS for EO data availability","4","5","4","2","3","4",""
"2023/05/10 10:35:21 AM GMT+3","Pilot 2.3 | EO-based pollution-health risks profiling in the urban environment ","Health","NOA, DLR, DRAXIS, IIASA, CNR","Policy makers","Region of Attica (GR), City of  Athens (GR), Ministry of Environment and Energy (GR), Health National Public Organization (GR), Ministry of Health (GR), Sustainable City Network (assoc. of 74 municipalities) (GR), Hellenic Statistical Authority (GR), HSY (Environmental Services Authority) (FI), City of Helsinki (FI), City of Porvoo (FI), Ministry of the Environment (FI), NESTE Oy (FI), Bavarian State Ministry of the Environment and Consumer Protection (DE), Bavarian State Ministry of Health and Care (DE), Municipal Authorities of Bari and Modugno (IT), World Bank.","satellite data:
Sentinel-5P for NO2 monitoring (used for Munich and Helsinki)
Sentinel-3 (used for Munich)
GOME-2 aboard Metop
OMI aboard NASA Aura spacecraft
SCIAMACHY aboard Envisat
remote sensing-derived data:
GHS population grid (GHS-POP) by the European Commission (EC)
GHS built-up surface grid (GHS-BUILT-S) by EC
World Settlement Footprint by European Space Agency (ESA), DLR and GEE team (used for Munich)
CAMS regional and global reanalysis products for air quality (used for Athens)
CAMS regional anthropogenic emissions data (used for Athens)
ERA5 of European Centre for Medium-Range Weather Forecasts (ECMWF)
Global Urban Footprint (GUF) by DLR

in-situ data:
national regulatory monitoring networks of air quality (Greece, Finland, Germany)
industrial reporting data by European Environment Agency (EEA) (used for Helsinki)
RI PANACEA network of low- and mid-cost smart sensors, which is a PM2.5 monitoring network developed throughout Greece (used for Athens)
gridded particulate matter (PM) pollution concentration data by Agenzia Regionale per la Prevenzione e la Protezione dell'Ambiente (ARPA Puglia) (used for Bari)
Aerosol, Clouds and Trace Gases Research Infrastructure (ACTRIS)
OpenAQ (Other open air quality datasets may be used.)
http://84.205.254.113/airqualmap/en/leafletmap.html (used for Athens)
NOA supersite (used for Athens)

crowdsourced: AirCasting (Other low-cost sensor networks may be involved.)

numerical modelling datasets/services:
Polyphemus/DLR chemistry transport model and chemical transport model from CAMS (used for Munich)
GEOS-Chem global air quality model predictions
EPISODE-CityChem chemistry transport model outputs (used for Athens)
UrbEm method to derive high-resolution emissions for city-scale air quality modelling (Ramacher et al., 2021; Karl et al., 2019) (used for Athens)
Weather Research and Forecasting model (WRF) meteorological simulations (used for Athens)

data from international health authorities such as WHO and European Medicines Agency (EMA) (used for Munich)

data about population density, urbanization level and time patterns of activities through national and international statistical institutes, survey results or transportation data (used for Munich)

population census, LULC patterns from EO data and other domain-specific information such as air particle pollution maps (used for Bari)","Public data, free of charge remote sensing data (e.g. Copernicus, etc.);Private data, not published/available","the methods for combination of platforms is shortly described below:
1.	Numerical air quality model data (PM2.5 , PM10 , NO2 , O3 , SO2) are combined with health data (e.g.: mortality due to all causes, mortality due to cardiovascular disease) towards the estimation of Aggregated Risk Index (ARI) used to assess the impact of air quality on health caused by the exposure to the air pollutant mixture. 
2.	Numerical air quality model data are combined with data representing population density towards the estimation of population exposure to air pollutants. 
3.	Numerical air quality model data are combined with in situ monitoring data co-located in time and space with model predictions, to evaluate the performance of model outputs.
4.	Numerical NO2 model data for the troposphere are combined with S5P tropospheric NO2 retrievals (co-located in time and space), to evaluate the performance of model outputs (aggregated for the troposphere).
5.	GEOS-CHEM global air quality profiles have contributed towards the development of ad-hoc methods to convert the satellite-based observations into surface concentrations.
6.	Traditional ground-based measurements from the AQ monitoring network, are co-located in space and time and combined with the added value surface S5P product, to evaluate the applied methodology, to estimate NO2 surface concentrations over areas where measurements from the AQ network are not available, and to compile and perform national official AQ assessment (by the Finnish Ministry of the Environment towards the EEA).
7.	The EPRT-R data are co-examined with S5P surface product, to assess the contribution of industrial sources to air pollution.
8.	CAMS-REG emission fields support numerical model predictions with the city-scale model.
9.	EPRT-R data on emissions from industrial sites support numerical model predictions with the city-scale model.
10.	CAMS reanalysis air quality data provide transboundary air pollution for the urban domain of the city-scale model simulations
11.	ERA5 meteorological fields support numerical model predictions with the city-scale model.
12.	GHSL population data are combined with air pollution concentration data to provide population exposure to air pollution.","Below lies the cataloguing of resources exploited in the frame of the HSAQ pilot and respective online platforms:
•	European Air Quality Portal, EEA webpage ‘Download of air quality’ (https://discomap.eea.europa.eu/map/fme/AirQualityExport.htm),
•	Copernicus Air Monitoring Services (CAMS), regional and global re-analysis products, (https://www.regional.atmosphere.copernicus.eu/index.php?category=documentation, https://ads.atmosphere.copernicus.eu/cdsapp#!/dataset/cams-global-reanalysis-eac4?tab=overview),
•	The World Data Centre for Remote Sensing of the Atmosphere (https://wdc.dlr.de/data_products/VIEWER/, Polyphemus model product),
•	EOC Geoservice of the German Aerospace Centre (https://geoservice.dlr.de/web/maps/eoc:wsf2019, for the World Settlement Footprint),
•	Urban-Tep (https://urban-tep.eu/#!),
•	[NextGEOSS (https://nextgeoss-airquality.de/)]
•	Copernicus Air Monitoring Services (CAMS), European anthropogenic emission database CAMS-REG https://eccad.aeris-data.fr/2019/06/05/cams-inventories/ 
•	stationary emission sources from the E-PRTR database https://industry.eea.europa.eu/ 
•	National Monitoring Networks of Air Quality (Greece, Finland, Germany)
•	PANACEA research infrastructure for PM2.5 real-time monitoring https://air-quality.gr/ 
•	Copernicus Earth Observation program, ESA’s Sentinel 5 Precursor (S5P) satellite, NO2 data
•	GHS-POP distribution of population, expressed as the number of people per cell (https://ghsl.jrc.ec.europa.eu/ghs_pop2019.php) 
•	Population data in 1km2 layer (https://www.zensus2011.de/DE/Home/home_node.html) 
•	Health data (mortality due to all causes, mortality due to cardiovascular disease)
•	ERA5 meteorological data by the Copernicus Climate Change Service (C3S) at ECMWF https://www.ecmwf.int/en/forecasts/dataset/ecmwf-reanalysis-v5 
•	GEOS-CHEM global AQ model predictions
•	Gridded Population from the GHSL Data Package 2022","","","Static dataset(s)","Partly","Only for services","Partly","GeoGatalogue http://geocatalog.webservice-energy.org/geonetwork/srv/fre/catalog.search#/metadata/a3e4148f-c3d6-4c2b-b9c7-3982c71886df","","","HPC;Cloud computing","","","","","","","","","",""
"2023/05/10 2:48:38 PM GMT+3","Pilot 1.7 | DynaCrop- unlocking EO intelligence across the food value chain","Agriculture","VITO and others from e-shape","Developers","digital farming tool integrators","Sentinel-1, -2 and -3, Copernicus Climate Change Service (C3S) ERA5 datasets, World Soil Information (ISRIC)","Public data, free of charge remote sensing data (e.g. Copernicus, etc.);Paid remote sensing data / services;In situ / survey data;Meteo data","in AWS","Copernicus, Planet, USGS ","Spatial, spectral and temporal resolution and corregistration errorr would be nice to improve","no","Static dataset(s);Data Streams;Desktop App;API","No","Not publicly available","Partly","only to the customer","-","Sentinel Hub, AWS","Machine learning;Deep learning;Parallel Computing;Virtualization / Containers;Cloud computing;Data Cubes","-","-","(Creo)DIAS - considered for the future","3","3","3","5","3","3",""
"2023/05/11 2:23:40 PM GMT+3","S7P3: Forestry Conditions: Climate Service; Harvester Seasons","Forestry (Agriculture, Energy, Climate)","FMI, Uni Helsinki","Business owners","Forestry sector: forest owners, contractors, operation planners, forestry operation managers, foremen","ERA5 Land, ERA5, forest fire index CEMS, Sentinel NDVI, tree cover density CLMS, soil trafficability classification by Finnish forest center, FMI 10d weather forecast","Public data, free of charge remote sensing data (e.g. Copernicus, etc.);Meteo data;Data streams / real time / near real time","Climate Data Store CDS API, operational access and download from CDS; FMI direct data stream via SmartMet; soil classification for Finland static map downloaded on server; ","Climate Data Store CDS; CLMS, CEMS; FMI; Finnish forest center","ERA5-Land sometimes changing format without proper notice, and dissemination delayed; CDS API working well","nothing to report","Web service(s) (e.g. WMS, WFS, etc.);Desktop App;partly API access on input data via SmartMet server","Yes","Only for services","Partly","","web app https://harvesterseasons.com","WEkEO DIAS as IaaS","Machine learning;HPC;Virtualization / Containers;Data Cubes","Machine learning algorithms running on HPC LUMI
service containered in Docker images; hosted of IaaS WEkEO DIAS server
FMI SmartMet data cube service  as service backend hosted on WEkEO DIAS + HPC LUMI ","WEkEO DIAS: why? test use case
satisfaction? working well; user support immediate and on point; resources sufficient; good data access to CDS","nothing to report","5","3","4","5","3","4",""
"2023/05/12 5:42:41 PM GMT+3","HarvesterSeasons","Agriculture","MetsäTeho Oy and MetsäGroup","Business owners","","Copernicus Climate Change Service seasonal forecasts, ERA-5, Sentinel-3 Synergy, Finnish weather service forecasts","Public data, free of charge remote sensing data (e.g. Copernicus, etc.);Meteo data","we ingest into the SmartMet-server data cube and use from there different data in a unified way.","ECMWF for C3S, FMI for weather forecasts and ESA for S-3","All good. Seasonal forecasts could extend to 1 year length","no","Mobile App;Web service(s) (e.g. WMS, WFS, etc.)","Yes","Only for services","Yes, fully","Finnish Spatial Data Infrastructure","web, WMS and smartMet timeseries APIs","WEkEO / EuroHPC IaaS for running the smartMet-server. Which is an open data cube also for others to use.","Machine learning;HPC;Parallel Computing;Virtualization / Containers;Cloud computing;Data Cubes","all except PaaS and GPUs are used in WEkEO, EuroHPC/LUMI and FMI own infrstructures","Project resources have guided us, but we are very satisfied with all our assets from both providers. For fetching some data also CreoDIAS and others have been used, with a more mixed satisfaction landscape.","CreoDIAS, would have worked well as well, we just got other resources for free.","2","3","2","2","4","3","helpdesks are often time consuming without actual progress as the helpdesk staff is just a buffer to the actual knowhow behind them."
"2023/05/15 4:26:18 PM GMT+3","S7P2 urban resilience to extreme weather","Climate and climate change","German city of Aschaffenburg","Policy makers;various authorities in municipalities","","ECMWF seasonal forecast (German model) , decadal forecasts, German meteorological observations for skill assessment","Public data, free of charge remote sensing data (e.g. Copernicus, etc.);Meteo data","","Copernicus C3S, DWD","","","Data Streams;Web service(s) (e.g. WMS, WFS, etc.)","Yes","Only for datasets","Partly","https://www.dwd.de/DE/leistungen/kvhs_de/help_de/2_data_publications/03_access/start_node.html","web","","HPC;Parallel Computing","","","","","","","","","",""
"2023/05/15 7:21:42 PM GMT+3","S2P2 - EO-based surveillance of POPs pollution","Health","MU, CNR-IIA and BRS Secretariat, WHO and GEO as associate partners","Data Scientists;Policy makers","Secretariats and Parties to the Stockholm, Basel, Rotterdam, and CLRTAP Conventions, Policy Makers, Governments, State and Regional Authorities, Industry, IGOs, NGOs, Scientific Community","EMEP, MONET, GAPS Network, IADN, LAPAN, (WHO) / UNEP human milk survey and national human biomonitoring programs, Aqua Monet, Joint Danube Surveys","In situ / survey data;Citizen contributed / crowd sourced data","","","","","Web service(s) (e.g. WMS, WFS, etc.)","Yes","Not publicly available","Not applicable / no metadata available","","https://pops-gmp.org/","https://www.geoportal.org/?f:sources=recetoxID&f:source=recetoxID&m:activeLayerTileId=osm&f:dataSource=dab","","","","","3","2","3","2","2","2",""
"2023/05/16 6:32:43 PM GMT+3","Ilias Pechlivanidis","Water","SMHI","Business owners;Developers;Analysts;Data Scientists","","Check https://hess.copernicus.org/articles/24/535/2020/","Public data, free of charge remote sensing data (e.g. Copernicus, etc.);Private data, not published/available;In situ / survey data;Meteo data","","ESA CCI, Cryoland project, NASA MODIS","Yes, but need for better spatial and temporal resolution","","Static dataset(s);Web service(s) (e.g. WMS, WFS, etc.)","Yes","Yes, both for data and for services","Partly","https://hypeweb.smhi.se/explore-water/","https://hypeweb.smhi.se/water-services/","","HPC;Parallel Computing","","","","3","3","2","3","4","3",""
"2023/05/17 10:45:32 AM GMT+3","S1P5: Linking EO and Farm IoT for Automated Decision Support","Agriculture","eVineyard / Elmibit","Developers;The user of our API is the developer. The final enduser of the data is the farmer.","","Sentinel-2, Sentinel-1, in-situ data","Public data, free of charge remote sensing data (e.g. Copernicus, etc.);Private data, not published/available;In situ / survey data","We do not fuse data but try to calibrate in-situ data with EO-based soil moisture products.","ESA Copernicus Open Access Hub","","","Data Streams;EO-derived information that is delivered through API. Data is dynamic, i.e. when new EO image is available it is updated.","Yes","Only for services","Not applicable / no metadata available","","REST API, https://riscognition.io/docs/#introduction","We offer DaaS","Machine learning;Deep learning;Cloud computing","We use our own cloud environment deployed on Hetzner infrastructure.","See above.","We tested AWS and CreoDIAS. Esp. CreoDias has a great support. In the end we decided to setup our own environment, though.","2","2","1","4","4","3",""
"2023/05/17 10:50:29 AM GMT+3","mySITE (S4P2)","Ecosystem","EAA, BSI, UFZ","Data Scientists;Policy makers;Research community, Site managers","the pilot is targeted mainly to the scientific community and local site management as well as protected area managers","in-situ from long-term ecosystem observations; earth observation data products (mySPACE); documentation of long-term observation sites;","Public data, free of charge remote sensing data (e.g. Copernicus, etc.);In situ / survey data","in-situ data are provided from long-term ecosystem observation facilities taking into account for the mySITE pilot; in-situ data are integrated on the level of metadata; if possible and not already shared, datasets are harmonised according to the eLTER data specification (Peterseil & Geiger, 2020; https://zenodo.org/record/6373410#.ZGSDRnZByUk); metadata were collected using deims.org and recently moved to the eLTER Digital Asset Register (central datacatalogue, shared soon)","EO data products provided by mySPACE were integrated into the pilot (snow cover, snow cover duration, hydroperiod, GPP, Phenology, etc.) based on Copernicus Sentinel 2 data","especially for in-situ data more efforts on data mobilisation needs to be done; mySITE cooperated with the eLTER network in order to foster mobilisation of in-siut data. The work was started within the eShape project and is further continued beyond the project runtime.","efforts of providing especially historic in-situ data is often an effort for data providers as well as the harmonisation and proper documentation. This was adressed in supporting data providers in data management and FAIR data sharing. This effort was started within the eShape project in cooperation with eLTER. Main problem is, that data providers are usaually not part of the projects and therefore no financial support could be provided for data harmonisation and documentation. Special efforts on the mobilisation of in-situ data needs to be taken.","Web service(s) (e.g. WMS, WFS, etc.);Desktop App","Yes","Yes, both for data and for services","Yes, fully","Metadata are shared via DEIMS-SDR and currently moved to eLTER Digital Asset Register (DAR)","DEIMS-SDR (https://deims.org; documentation & metadata; providing WFS/WMS, API, OAI-PMH, CSW; EcoSense (https://ecosense.biosense.rs/#/home; visualisation); geoserver (WFS/WMS; service provision)","not relevant for mySITE","WebServer, data services","not relevant for mySITE","not relevant for mySITE","eLTER DataLabs (https://datalab.datalabs.ceh.ac.uk/) for data manipulation and analysis","3","4","5","4","2","3",""
"2023/05/17 7:34:54 PM GMT+3","S3P3","Energy","DTU","Developers;Analysts;Data Scientists","Wind energy developers, cosultants in the wind energy sector","Sentinel-1 and Envisat SAR scenes, ASCAT wind data ","Public data, free of charge remote sensing data (e.g. Copernicus, etc.)","Satellite observations are used together with numerical modeling for wind retrieval","Copernicus, EUMETSAT, CMEMS","Satisfied - obtaining archived data can be time consuming","No","Web service(s) (e.g. WMS, WFS, etc.)","Partly","Only for datasets","Partly","Published together with the data in NetCDF files","Web site created for the service","","HPC","","Internal university HPC was chosen due to low cost ","We explored DIAS but found it too costly with respect to our needs","3","5","5","4","3","3",""
"2023/05/18 4:06:52 PM GMT+3","S6P5: FRIEND","Disaster management","SATCEN","Analysts;Policy makers","NGOs supporting local policy makers in climate change adaptation and mitigation actions","COPERNICUS (Sentinel 1, sentinel 2, Glofas, C3S, DEM)","Public data, free of charge remote sensing data (e.g. Copernicus, etc.)","data discovery (opensearch) and data access ( datacube, OGC API Coverage))","CreoDIAS for Sentinel 1 and Sentinel 2, ECMWF C3S for Glofas","partially satisfied, the Global Flood Monitoring service, part of GloFas, could be improved. It is too conservative.","CreoDIAS and ECMWF CDS are fine","Web service(s) (e.g. WMS, WFS, etc.)","Yes","Only for datasets","Yes, fully","Yes","APIs, web service","Data Cubes","Virtualization / Containers;Data Cubes","Data Cube, MEEO ADAM platform","MEEO ADAM platform, CreoDIAS, AWS","We are using our own facility, CreoDIAS, AWS according to projects and services specifications","2","3","1","4","4","3",""
"2023/05/18 5:06:55 PM GMT+3","E-shape Pilot 5.5 Monitoring Fishing Activity","Water"," IPMA, DEIMOS","Business owners;Data Scientists;Policy makers;NGOs","Portuguese Central Fisheries Administration and Regional Fisheries Administrations (Azores, Madeira)","Fisheries landing declarations, E-logbooks, vessel tracking (SAT-AIS) data, EMODNET","Public data, free of charge remote sensing data (e.g. Copernicus, etc.);Paid remote sensing data / services;Anonymized fisheries dependent datasets","Integration at the level of vessel codes and timestamps","EMODNET,  Astra Paging Ltd.","VMS datasets were not made available by the Portuguese Fisheries Administration, which expressed interest in the project as a main final user of this pilot .Alternatively,  sat-AIS data were acquired but these data are characterized by having incomplete coverage. ","First: There are no current alternative to acquire VMS data and sat AIS is characterized by incomplete coverage","Web service(s) (e.g. WMS, WFS, etc.)","No","Yes, both for data and for services","Yes, fully","","","","","","","","","","","","","",""
"2023/05/19 5:09:09 PM GMT+3","S2P4: EYWA: EarlY WArning System for Mosquito-Borne Diseases","Health","National Observatory of Athens, Greece
Laboratory of Atmospheric Physics, University of Patras, Greece
Bernhard Nocht Institute for Tropical Medicine, Germany","Policy makers;Public Health Authorities, Vector Control Companies","","Sentinel-2, Landsat 7/ 8, MODIS, IMERG, ERA5","Public data, free of charge remote sensing data (e.g. Copernicus, etc.);In situ / survey data;Meteo data","Yes through a CreoDIAS platform and Google Earth Engine for the initial processing, then stored in a datacube.","Copernicus, NASA","The datasets from the data providers cover the requirements of the project at this stage","No","Web service(s) (e.g. WMS, WFS, etc.)","No","Only for datasets","Partly","NextGEOSS platform","The end product is sensitive (due to the health nature) hence are not available publicly","On premises datacube installation, on-prpemises hosting of the platform, CreoDIAS & Google Earth Engine for the initial EO data processing","Machine learning;Data Cubes","On-premises server","CreoDIAS platform and Google Earth Engine (GEE). CreoDIAS was selected because it offers a VM to do analysis, GEE because of data availability (not in CreoDIAS)","Other DIAS platforms but they didn't offer the data products that CreoDIAS offers.","3","4","3","4","2","4",""
"2023/05/22 9:29:46 AM GMT+3","SDG15.3.1","Ecosystem","CNR, ESA, Eversis","Data Scientists;Policy makers","","Land Cover (ESA CCI); Land Productivity (LPD JRC); Soil Carbon (SoilGRIDS)","Public data, free of charge remote sensing data (e.g. Copernicus, etc.)","Using the VLab technology developed by CNR and Trends.Earth model","ESA, JRC, ISRIC","Improve the Above Ground Biomass","The spatial resolution is not adequate","Static dataset(s);Web service(s) (e.g. WMS, WFS, etc.)","Partly","Yes, both for data and for services","No","https://geoessential.unepgrid.ch/geonetwork/","http://geoessential.unepgrid.ch/geoserver/web/","Paas (VLab); Swiss Data Cube","Machine learning;Deep learning;HPC;Parallel Computing;Virtualization / Containers;Cloud computing;Data Cubes","Data Cube (Open Data Cube); HPC + GPU (UNIGE Cluster)","Google Earth Engine + Swiss Data Cube + DIAS","","4","3","3","4","4","3",""
"2023/05/24 11:00:57 AM GMT+3","EO-based Surveillance of Mercury Pollution","Health","Consiglio Nazionale delle Ricerche (CNR, National Research Council, Italy), Helmholtz-Zentrum Geesthacht (HZG), Università della Calabria (UniCal), Planetek Italia","Data Scientists;Policy makers","","AMAP inventory; EDGAR TOX V2, GOS4M database; pTomcat; Mozart","Public data, free of charge remote sensing data (e.g. Copernicus, etc.);Private data, not published/available;In situ / survey data;Meteo data","Inside the CTMs","NCAR; ECMWF; NASA; Copernicus","Yes","No","Static dataset(s);Web service(s) (e.g. WMS, WFS, etc.);Desktop App","Yes","Yes, both for data and for services","Yes, fully","","https://sdi.iia.cnr.it/gos4mcat","","Parallel Computing","","","","3","5","5","5","5","4",""
"2023/06/19 12:36:05 PM GMT+3","Agricultural Monitoring","Agriculture","NSMC","Analysts;Data Scientists","Agricultural Manager","Sentinel-2,landsat8/9,GF-1","","download and then process","Copernicus, USGS","YES.But the downloading of satellite is not so fast in many time.","no","Static dataset(s)","No","Only for datasets","Not applicable / no metadata available","","","","Machine learning;Parallel Computing;Virtualization / Containers;Cloud computing","gee","gee","","4","4","3","3","4","4",""
"2023/06/19 12:36:14 PM GMT+3","Agricultural Monitoring","Agriculture","NSMC","Analysts;Data Scientists","Agricultural Manager","Sentinel-2,landsat8/9,GF-1","","download and then process","Copernicus, USGS","YES.But the downloading of satellite is not so fast in many time.","no","Static dataset(s)","No","Only for datasets","Not applicable / no metadata available","","","","Machine learning;Parallel Computing;Virtualization / Containers;Cloud computing","gee","gee","","4","4","3","3","4","4",""
"2023/08/21 5:19:47 PM GMT+3","Use of Sentinel data for agricultural monitoring in Ukraine","Agriculture","NTUU ""KPI"", JRC, World Bank","Policy makers","Ministry of Agriculture, Ministry of Digitalization (Dept of Statistics)","Sentinel-1, Sentinel-2, ground surveys","Public data, free of charge remote sensing data (e.g. Copernicus, etc.);In situ / survey data","We integrated deliniation datasets delivered by Sinergise  ","ESA, CloudFerro (CREODIAS), Sinergise","yes","No","Static dataset(s);Web service(s) (e.g. WMS, WFS, etc.)","Yes","Not publicly available","Yes, fully","","End products are published on the geoportal of Ukrainian Geocadastre (internal use) as well as for public access https://ukraine-cropmaps.com/","CREODIAS cloud platform","Machine learning;Deep learning;Cloud computing","","We are fully satisfied with CREODIAS","No","3","4","4","5","3","3","In general, we are fully satisfied by services, provided by CloudFerro. We have close communication and they assist us with all the issues. "
"2023/08/23 10:51:46 PM GMT+3","Invasive species monitoring","Ecosystem","Institute of Botany, The Czech Academy of Sciences","Land managers","","drone data, aerial data, VHR satellite data","Public data, free of charge remote sensing data (e.g. Copernicus, etc.);Paid remote sensing data / services;Private data, not published/available","scalling up","national aerial surveys, RapidEye, Pleiades","improve spatial resolution of freely available datasets","","Static dataset(s);Mobile App","Partly","Only for services","Partly","institutional website","interface, mobile app","","Machine learning;Deep learning","","","","3","2","3","5","3","3",""
"2023/09/12 9:15:45 PM GMT+3","Iliad ","Ocean","56 European, African and Middle East industry, academic and NGOs","Business owners;Analysts;Policy makers","Insurance and reinsurance, aquaculture farms, policy-makers","Sentinel/Copernicus, model data, gliders, citizen science data","Public data, free of charge remote sensing data (e.g. Copernicus, etc.);In situ / survey data;Meteo data;Citizen contributed / crowd sourced data;Data streams / real time / near real time;small sat","Yes, standards and best practices","ESA, met.no, EMODNET, ODIS","More private/industrial data related to the ocean","Some model data were private and non affordable","Static dataset(s);Data Streams;Web service(s) (e.g. WMS, WFS, etc.);Desktop App","Partly","Yes, both for data and for services","Partly","NextGEOSS catalogue, Iliad and HubOcean","","","Machine learning;Virtualization / Containers","","","","4","4","4","3","2","2",""
"2023/10/01 11:52:00 PM GMT+3","Mapping and Monitoring habitat types in the nort of Spain with Remote Sensing and Copernicus data and services","Ecosystem","IHCantabria (University of Cantabria), University of Oviedo","Data Scientists;Policy makers","Regional Governments and Ministry of Spain, SMEs interested in new developments","Satellite imagery (Landsat 5, 8 and 9, and Sentinel 2), CLMS datasets and abiotic variables derived from DEM, climatic reanalysis data and LiDAR information (Spain, PNOA)","Public data, free of charge remote sensing data (e.g. Copernicus, etc.);Private data, not published/available;In situ / survey data;Meteo data","RS-base spatial modelling (AI, deep learning, machine learning)","Copernicus, NASA/USGS, CNIG (Spain)","Yes, very satisfied","Time series of satellite imagery easily accesible and to download or cloud-computing, cloud-free mosaics with high temporal resolution","Static dataset(s);Web service(s) (e.g. WMS, WFS, etc.);Desktop App","Yes","Not publicly available","Partly","","Web services to consult and download, e.g. https://rednatura2000cantabria.ihcantabria.com/habitats/ (in Spanish for the moment)","Data Cubes, but developing/exploring this at this moment","Machine learning;Deep learning;HPC;Parallel Computing;Virtualization / Containers;Cloud computing;Data Cubes","IT team","IT team","IT team","4","4","5","4","5","3","Thanks!"